{
  "type": "service_account",
  "project_id": "projectry-e2713",
  "private_key_id": "4bc441128ed2702156ed72f676ed40aeeec6c8d1",
  "client_email": "firebase-adminsdk-gj0ih@projectry-e2713.iam.gserviceaccount.com",
  "client_id": "101932212707308796065",
  "auth_uri": "https://accounts.google.com/o/oauth2/auth",
  "token_uri": "https://oauth2.googleapis.com/token",
  "auth_provider_x509_cert_url": "https://www.googleapis.com/oauth2/v1/certs",
  "client_x509_cert_url": "https://www.googleapis.com/robot/v1/metadata/x509/firebase-adminsdk-gj0ih%40projectry-e2713.iam.gserviceaccount.com"
}